id;nome;email;dt_nascimento;cpf
1;lest secret;"QiBN1h@D.SFEj4.gC.xtWDJG.C.8wwD0.vy";2025-03-16;"517458.85986"
2;yum youthfully onto;"ChybL@Z.8.r8B5r.2w_";2025-03-16;"007741.45698"
3;tender;"k@SC.y03F.G.ej8U.x-";2025-03-16;"378.266.422-87"
4;impostor;"7DLrm@c.Gl3c.rT1tgw.LkT.Y.zsd.jY";2025-03-16;"26554619689"
5;boldly onto;"F0yRlT@bkMz.AT.Fh7zo.wazo1g.k1x9.tS";2025-03-16;"713.320.13375"
6;save;"G@ln.0KWaEE.Zio.H2TfL.cOgr9.Nx";2025-03-16;"674928.94205"
7;bandwidth for what;"qXb@iay.uU.dcHWs.efSA.qgDrE.gD";2025-03-16;"038.663.50571"
8;jealously;"x@dMqDW.L.EHUJAY.QCJ.kH";2025-03-16;"707.79569722"
9;solemnly;"g_A_d@_asp.dES.uu.o.tMA";2025-03-15;"625.035903-97"
10;until editor well;"Ew@eR.mT-uo.tD7.zMY-P.coes";2025-03-16;"935.544812-76"
